<?xml version="1.0" encoding="UTF-8"?>
<!DOCTYPE web-app PUBLIC "-//Sun Microsystems, Inc.//DTD Web Application 2.3//EN"
                         "http://java.sun.com/dtd/web-app_2_3.dtd">
<web-app>
    <servlet>
        <!-- Make sure to use the same servlet name here as you do in the 
        corresponding servlet mapping. Create one servlet declaration 
        for each portlet. -->
        <servlet-name>SamplePortletServlet</servlet-name>
        <!-- Don't change --> 
        <servlet-class>org.apache.pluto.core.PortletServlet</servlet-class>
        <init-param>
            <param-name>portlet-class</param-name>
            <!-- Enter the class that implements the portlet --> 
            <param-value>com.mycom.SamplePortlet</param-value>
        </init-param>
        <init-param>
            <param-name>portlet-guid</param-name>
            <!-- Enter the path to the portlet: the context path plus
               the portlet name --> 
            <param-value>portletapp.SamplePortlet</param-value>
        </init-param>
    </servlet>
    <!-- Use the same name as in the servlet element --> 
    <servlet-mapping>
        <servlet-name>SamplePortletServlet</servlet-name>
        <url-pattern>/SamplePortlet/*</url-pattern>
    </servlet-mapping>
</web-app>
