<?xml version="1.0" encoding="UTF-8"?>
<project xmlns="http://www.netbeans.org/ns/project/1">
    <type>org.netbeans.modules.apisupport.project</type>
    <configuration>
    
    
    
    
    
    <data xmlns="http://www.netbeans.org/ns/nb-module-project/2">
            <code-name-base>org.netbeans.modules.ant.moduleinfotask</code-name-base>
            <standalone/>                                 
            
            
            <module-dependencies>
                <dependency>
                    <code-name-base>org.apache.tools.ant.module</code-name-base>
                    <build-prerequisite/>
                    <compile-dependency/>
                    <run-dependency>
                        <release-version>3</release-version>
                        <specification-version>3.22.1</specification-version>
                    </run-dependency>
                </dependency>
                <dependency>
                    <code-name-base>org.openide.filesystems</code-name-base>
                    <build-prerequisite/>
                    <compile-dependency/>
                    <run-dependency>
                        <specification-version>6.2.1</specification-version>
                    </run-dependency>
                </dependency>
                <dependency>
                    <code-name-base>org.openide.modules</code-name-base>
                    <build-prerequisite/>
                    <compile-dependency/>
                    <run-dependency>
                        <specification-version>6.3.1</specification-version>
                    </run-dependency>
                </dependency>
                <dependency>
                    <code-name-base>org.openide.util</code-name-base>
                    <build-prerequisite/>
                    <compile-dependency/>
                    <run-dependency>
                        <specification-version>6.4.1</specification-version>
                    </run-dependency>
                </dependency>
                <dependency>
                    <code-name-base>org.openide.windows</code-name-base>
                    <build-prerequisite/>
                    <compile-dependency/>
                    <run-dependency>
                        <specification-version>6.2.1</specification-version>
                    </run-dependency>
                </dependency>
            </module-dependencies>
            <public-packages/>
            <extra-compilation-unit>
                <package-root>antsrc</package-root>
                <classpath>${antsrc.cp}</classpath>
                <built-to>build/antclasses</built-to>
                <built-to>${cluster}/ant/nblib/${code.name.base.dashes}.jar</built-to>
            </extra-compilation-unit>
        </data>
    </configuration>
</project>
