<?xml version="1.0" encoding="UTF-8"?>

<!--
    Document   : ModuleInfo.xml
    Created on : October 14, 2005, 8:37 AM
    Author     : sc32560
    Description:
        Purpose of the document follows.
-->

<modules>
    <module>        
        <codename></codename>
        <codebasename></codebasename>
        <displayname></displayname>
        <buildversion></buildversion>
        <implementationversion></implementationversion>
        <specificationsversion></specificationsversion>
        <shortdescription></shortdescription>
        <longdescription></longdescription>
        <enabled></enabled>
        <publicpackages>
            <package></package>
            <package></package>
        </publicpackages>
        <dependencies>
            <dependency>
                <dependencyname></dependencyname>
                <dependencyversion></dependencyversion>
                <dependencytype></dependencytype>
            </dependency>
        </dependencies>
    </module>
</modules>